RT @gugachacra: Mitt Romney, candidato republicano a presidente em 2012 e eleito senador por Utah, afirma que Trump, que Ã© de seu partido,â€¦,hanumancoin/nRT @emurgo_io: https://t.co/V38GMebnrN,CryptEkim/nRT @b_saridjo: For a country that has $5 Billion dollars to spend on a wall, this should be unacceptable. https://t.co/BbPz926qiD,MahneeMarie/nDonâ€™t even sing in the car no mo ğŸ˜´,AKaitley/nRT @80sThen80sNow: 80s MUSIC VIDEO of the Day:  Whitesnake â€œHere I Go Againâ€ (1987)

#WhiteSnake #MusicVideo #Music #MTV #Rockers #Rock #Haâ€¦,romance_grl/nRT @MeritLaw: #JazmineBarnes was 7 y/o when an unidentified white man in a red pickup truck opened fire on her families car striking her seâ€¦,_trappublican/nRT @UL0veindeeian_: Iâ€™ll get a car. Iâ€™ll finish school. Iâ€™ll have my own place. I got this.,JadaHargrove/nRT @papaminyoongi: jennie: is this my uber? 
kai: uh.. iâ€™m kai from exo
jennie: okay kai from exo, is this my uber? https://t.co/XKXC48Euyw,alamortartist/nRT @gCaptain: Burning Car Carrier Sincerity Ace Abandoned in Pacific Ocean; Two Missing, Three Fatalities Confirmed https://t.co/h2OjFErAHK,Salt_Air/nRT @TommySobiesski: If weâ€™re dating:

* please fix the problem before it is 1.
* please just hit me with ur car
* keep me in the loop
* pasâ€¦,yblh_josh/nRT @trysowen_: sitting in my car listening to music be mad therapeutic,CHRIISS_42/nRT @NYCDEATHROWCATS: Hit by Car - REALLY Need Placement ASAP! @BACC. 
This sweet gentle kitty was found crying and unable to walk in the stâ€¦,PKAtheist/nRT @saucyjackie: bella: how did you push the car away so fast????ğŸ˜³ğŸ˜³ğŸ˜³
edward: https://t.co/O4JpEFGclh,graceeingersoll/nTÃ¡ difÃ­cil primeiro o tradutor agr a legenda automÃ¡tica ğŸ˜‚ğŸ˜‚ğŸ˜‚ğŸ˜‚,army_jiminie_/n@ValDoddsXXX Play-Doh scent huh......is that when u mix gym sweat with smell of worn tires &amp; whatever material theâ€¦ https://t.co/UNrDZuEIXw,JustDerty/ni can't wait till i have my own car and can take huge road trips with my friends,KendalynLewiss/nRT @nascarman_rr: In May 1984, the Charlotte Busch race was considered one of the best ever. Tim Richmond led early, then Ron Bouchard. Theâ€¦,BL00DYKILLS/nRT @swaveyvicc: 15 year old me on NYE: 
*talking to friends*
Damn cant wait til Iâ€™m older and have my own car xD ill be able to party withâ€¦,matthewdaly26/nRT @Camila_Cabello: So I thought about it the whole journey.... turning it over in my mind...And I wasnâ€™t sure what it was. 
But finally,â€¦,_stefunnie_/nRT @ananavarro: This is so awful. Please retweet in hopes of helping police find the killer of Jazmine Barnes, a 7 year-old girl shot deadâ€¦,koolkidkemo/nğŸ’™ Car selfies to kick the week off right https://t.co/183DleBoUX,terina_alameida/nRT @Bovaaary: 2019 je penserais Ã  moi et mon bien Ãªtre en prioritÃ©. Je ne me mettrai plus Ã  la place dâ€™autrui car peu de personne le mÃ©riteâ€¦,badgalsaf/nRT @AngelAlvaradoR: InflaciÃ³n semana 52 #CestaPetare 28%

ğŸ¥š CartÃ³n de huevos BsS 3.500
ğŸŒ½ Harina BsS 900
ğŸ§€ Queso blanco BsS 3.600
ğŸ¥© Carne Bsâ€¦,Maritza_za_za/nRT @KHOUmelissa: THE BIGGEST QUESTION SURROUNDING THE MURDER OF #JazmineBarnes ::: why? Why would someone shoot up a car full of girls on aâ€¦,2_SynnCeer4/nRT @saucyjackie: bella: how did you push the car away so fast????ğŸ˜³ğŸ˜³ğŸ˜³
edward: https://t.co/O4JpEFGclh,EzzaFaeza/nRT @swaveyvicc: 15 year old me on NYE: 
*talking to friends*
Damn cant wait til Iâ€™m older and have my own car xD ill be able to party withâ€¦,vrrrydumb/nRT @nonnaay_: Tonight- no car accidents. no DUIs. no arrests. No RIPs. In Jesus Name ğŸ™ğŸ½ğŸ™ğŸ½,afk276/n@hesavery De madrugada Ã© onde a carÃªncia vem me visitar e fica abraÃ§ada comigo essa desgraÃ§ada que cu odeio,goldvante/nRT @CSPDPIO: Don't start the new year getting your car stolen because you left it running unattended. It's against the law. (remote startsâ€¦,shirlsm1/nRT @neurovagrant: Well.

That's it.

That's the pace-car tweet for 2019. https://t.co/zzjLUnELqf,rodhuntress/nRT @Halfamick: @ggqt3 @KSibla I used to manage McDonald's restaurants. I'd have kicked him out and then followed him to his car with a phonâ€¦,TMSA1955/nRT @TellTwon: What society tells you is cool:

-Chipotle 
-BMWs
-50k salary 
-100k college debt

Whatâ€™s ACTUALLY cool:

-Eating Mexican fooâ€¦,Papi_Luis2/nRT @iyliasyazwanie: My cousin said she hated bearded men; now she's marrying one. My friend said she disliked soldiers; now she's marryingâ€¦,FarahFauzi_/nRT @HlSTORYFACTS: she dyed her hair to match her car... iâ€™m crying in poor https://t.co/EgKGxK8IMQ,araaaya/nRT @GARATSmeanie: Seventeen picking up their dates through:
SC- car
JH- car
JS- bike
Jun- paragliding (he's extras asf)
SY- car
WW- Pooteeâ€¦,bbhjuseyo/nWow, driving a car into a police officer is not good dude.  #bodycam,Kingfish7777/nRT @ananavarro: This is so awful. Please retweet in hopes of helping police find the killer of Jazmine Barnes, a 7 year-old girl shot deadâ€¦,c_nancyr/nWhile "celebrate responsibly" has long been the motto for several alcohol companies, it appears this man did not heâ€¦ https://t.co/cndkQKR4p7,CBS21NEWS/nRT @MichaelSkolnik: SHE HAS A NAME: 7 yr old, Jazmine Barnes, was murdered on Sunday in a Walmart parking lot near Houston. The suspect, aâ€¦,PhinesseNFerb/nRT @swaveyvicc: 15 year old me on NYE: 
*talking to friends*
Damn cant wait til Iâ€™m older and have my own car xD ill be able to party withâ€¦,Taymckinzi0310/nRT @TommySobiesski: If weâ€™re dating:

* please fix the problem before it is 1.
* please just hit me with ur car
* keep me in the loop
* pasâ€¦,24manny_/nRT @joonsriver: my friend whoâ€™s a very casual bts listener told me in the car today that â€œthereâ€™s something different about bts fans. theyâ€¦,nikitaehyungKim/nRT @AmiralYoulou: Qu'un boug ken la meuf de son pote mort ne me choque nullement car on connaÃ®t l'Ãªtre humain, mais le fait qu'ils fanfaronâ€¦,risabrh/nForever wishing my car worked. I could go for some ice cream right now.,greenlee_lauren/nRT @HCSOTexas: We're mourning the loss of 7-year-old Jazmine Barnes, who was shot to death just before 7 a.m. Sunday while riding in a carâ€¦,Politjunkee/nRT @TellTwon: What society tells you is cool:

-Chipotle 
-BMWs
-50k salary 
-100k college debt

Whatâ€™s ACTUALLY cool:

-Eating Mexican fooâ€¦,xMotorBreath/nRT @swaveyvicc: 15 year old me on NYE: 
*talking to friends*
Damn cant wait til Iâ€™m older and have my own car xD ill be able to party withâ€¦,jazzzgarciaa/nRT @MichaelSkolnik: SHE HAS A NAME: 7 yr old, Jazmine Barnes, was murdered on Sunday in a Walmart parking lot near Houston. The suspect, aâ€¦,resistanceT10/nSua aparÃªncia Ã© o de menos, o que interessa Ã© o seu carÃ¡ter, Ã© o que vocÃª faz pra ser alguÃ©m melhor, seu jeito de lâ€¦ https://t.co/bG8VEAMZ7x,PsychoCuteLady/nRT @RobIsChav: Damn so last night on the 91 I witnessed a car accident right in front of me and 1 car slammed into the wall. Drinking and dâ€¦,nanndoac/nRT @spectatorindex: Share of global car market, 2017.

Toyota: 9.2%
Volkswagen: 7.2%
Ford: 6.5%
Honda: 5.4%
Nissan: 5.4%
Hyundai: 4.7%
Chevâ€¦,GMTK12/nRT @RobIsChav: Damn so last night on the 91 I witnessed a car accident right in front of me and 1 car slammed into the wall. Drinking and dâ€¦,nanndoac/n@Giggysmallbutmi @JosephFalzone3 @AmerMedicalAssn Blows my mind, so easy to play a FOOL x 43yrs! No exceptions to râ€¦ https://t.co/bztkq7i3j4,pointsonpain/n@citronnelle2002 Parce que bon d'ja il pÃ¨se pas 1g dans l'game qu'il ose rebafouinner tout Ã§a mais n attendant tantâ€¦ https://t.co/C8UpYzkTDS,EazurySurYTB/n